route_id,region_id,street_edge_id,way_type,geom
3,19,1259,secondary,0102000020E610000007000000618500859F0656C0794D599764F24440B05F668E9B0656C0817B9E3F6DF24440A070766B990656C04E417E3672F2444023C8F77B980656C0186A036674F244405AFB9694960656C02D24607479F24440A29927D7940656C024C511B57EF244400E0E9B6D930656C0F3A496F782F24440
3,19,865,secondary,0102000020E61000000700000035B808E7AE0656C057B9ABB24AF2444080C465CBA80656C09F8EC70C54F24440F8174163A60656C0FD9EFDED57F244403539C65FA40656C0544E20915BF2444007AA903CA10656C08D0C721761F24440F59D5F94A00656C0CE6B915962F24440618500859F0656C0794D599764F24440
3,19,1260,secondary,0102000020E610000002000000812C9F40B30656C0607A562D44F2444035B808E7AE0656C057B9ABB24AF24440
3,19,1261,secondary,0102000020E61000000600000033F1587DBF0656C0F4DF83D72EF244401CFADD2ABE0656C02ED8576831F24440479C0425BB0656C061EDDE4037F24440D1E7A38CB80656C04D9E57E13BF244409D22D115B60656C0CD565EF23FF24440812C9F40B30656C0607A562D44F24440
3,19,1257,secondary,0102000020E610000007000000863AAC70CB0656C004102D6810F244405DC136E2C90656C0F54FCB6A15F244401D0C2BCBC60656C0749A05DA1DF244401EFB592CC50656C0B3BFA21122F24440199DE227C40656C0B2CDD77624F24440551D28A6C10656C0F0EC3C3B2AF2444033F1587DBF0656C0F4DF83D72EF24440
3,19,1014,secondary,0102000020E6100000070000008236397CD20656C0AD5A88C4F3F14440BE518605D20656C0E7F6370DF6F14440AD2E4C4BD10656C0B01985C9F9F144408FD32181D00656C0A25F5B3FFDF14440077DE9EDCF0656C0302878AFFFF14440904F2388CE0656C02D86617605F24440383B08F0CC0656C0E8F4BC1B0BF24440
3,19,1258,secondary,0102000020E610000002000000383B08F0CC0656C0E8F4BC1B0BF24440863AAC70CB0656C004102D6810F24440
3,19,1255,secondary,0102000020E610000002000000ED0099E7D20656C06758D647F1F144408236397CD20656C0AD5A88C4F3F14440
3,19,870,secondary,0102000020E61000000B00000092640C62D60656C0E9C4D44CADF14440AAA6DA5DD60656C01CE09398B1F144408C48145AD60656C01A72C7F6B5F144401BECF252D60656C004BBAB68BDF14440C8ED974FD60656C0EB24B616C1F14440518C8752D60656C02BACAF09C4F144409E6EEA4DD60656C0B169A510C8F144405DAD6E50D60656C057321180C9F14440A473D943D60656C0E498D134CDF1444039EE940ED60656C0E785E05DD3F144402D9F9BECD50656C057BF886CD6F14440
3,19,1025,secondary,0102000020E61000000300000051D43EC2D50656C0EACE13CFD9F14440B1AE658DD50656C05992F249DDF14440930B8453D50656C05E013BEDDFF14440
3,19,1015,secondary,0102000020E6100000020000002D9F9BECD50656C057BF886CD6F1444051D43EC2D50656C0EACE13CFD9F14440
3,19,1256,secondary,0102000020E610000004000000930B8453D50656C05E013BEDDFF1444070AB6A93D40656C07FD9E2BFE5F1444064ECDF50D30656C0EB707495EEF14440ED0099E7D20656C06758D647F1F14440
4,20,996,secondary,0102000020E6100000040000002D3EAA06860956C05BC2EB4493E64440A6A84423690956C0908DF62E94E64440D28F8653660956C02B80CE4994E64440FF62D239650956C0051C137494E64440
4,20,1113,secondary,0102000020E610000002000000C655C098880956C06DD1B82693E644402D3EAA06860956C05BC2EB4493E64440
4,20,929,secondary,0102000020E6100000020000006B555C66A20956C03806AE3C92E64440C655C098880956C06DD1B82693E64440
4,20,934,secondary,0102000020E6100000020000005D7B551DA80956C086A3F50192E644406B555C66A20956C03806AE3C92E64440
4,20,932,secondary,0102000020E6100000020000009DC6ACCDB50956C0C279275591E644405D7B551DA80956C086A3F50192E64440
4,20,940,secondary,0102000020E610000006000000844E63D6E60956C07B2FBE688FE64440974FFB52E40956C00A18B8978FE64440EA2A3817DA0956C039549D1F90E64440B8EDD68DD20956C06962708390E6444021109EBFBF0956C0F1CFB12891E644409DC6ACCDB50956C0C279275591E64440
4,20,1037,secondary,0102000020E610000002000000BFF3E6CBE60956C02C103D2993E64440844E63D6E60956C07B2FBE688FE64440
4,20,938,secondary,0102000020E6100000040000000CAD4ECED00956C0BA3AB65494E644408CEC9458E30956C043AE2F6D93E6444008951348E40956C07937BB5A93E64440BFF3E6CBE60956C02C103D2993E64440
4,20,939,secondary,0102000020E610000005000000255EF987880956C089F260E696E6444068B3452DA80956C09CBFAECB95E64440746781D1C00956C0907351E394E64440C02CA347C20956C0FBB37AE294E644400CAD4ECED00956C0BA3AB65494E64440
4,20,1115,secondary,0102000020E610000002000000D93F4F03860956C065A6B4FE96E64440255EF987880956C089F260E696E64440
4,20,926,secondary,0102000020E6100000020000009CF80F8E7E0956C06502D94697E64440D93F4F03860956C065A6B4FE96E64440
4,20,930,secondary,0102000020E610000002000000999B6F44770956C035AC4E7397E644409CF80F8E7E0956C06502D94697E64440
4,20,1114,secondary,0102000020E610000002000000B3791C06730956C0AC527AA697E64440999B6F44770956C035AC4E7397E64440
4,20,1306,secondary,0102000020E61000000300000018A15232650956C035BCF33D98E64440B3E3D06C680956C0F4A21B0698E64440B3791C06730956C0AC527AA697E64440
5,25,1071,secondary,0102000020E6100000070000002310AFEB970756C094AC79443BF844405AB91798950756C047B30D373BF84440C8DDD6CC900756C0947E67203BF84440CDF055E1850756C00007488F3AF844402304F577800756C035BEE5A03AF844404B299E69780756C0EE9B56653AF8444072FDBB3E730756C006B0123D3AF84440
5,25,889,secondary,0102000020E61000000200000072FDBB3E730756C006B0123D3AF844407EFBDFB65B0756C072DCCE6339F84440
5,25,898,secondary,0102000020E6100000060000007EFBDFB65B0756C072DCCE6339F8444046CD57C9470756C00183499638F84440E188A4CC3C0756C0847B0A2538F844401BEEC8FD330756C0BAA871CA37F84440D4D17135320756C084F1D3B837F844407709F3C32D0756C08AC8B08A37F84440
5,25,894,secondary,0102000020E6100000020000007709F3C32D0756C08AC8B08A37F844404274AD62160756C0670C738236F84440
5,25,905,secondary,0102000020E6100000050000000CA6063F160756C0E8209EDB3AF844404662DDD3300756C02F2988CB3BF844409E3F129B340756C005D8ECED3BF844404459AE6D400756C0DBE275583CF8444070ED4449480756C0C3A0A75C3CF84440
5,25,900,secondary,0102000020E61000000400000070ED4449480756C0C3A0A75C3CF84440F0A2AF204D0756C0280AF4893CF84440A8F3F2855A0756C0B149230B3DF8444077D9AF3B5D0756C0B77C24253DF84440
5,25,914,secondary,0102000020E61000000800000077D9AF3B5D0756C0B77C24253DF8444011FDDAFA690756C040BC53A63DF844403518D9846A0756C0BD395CAB3DF84440816ACDA06B0756C00A33C8B83DF844402237C30D780756C004E621533EF84440F2F7414C780756C0ECA353573EF844408F160C53800756C0332207DB3EF8444020BB664D870756C0DAA8F34D3FF84440
5,25,907,secondary,0102000020E61000000400000020BB664D870756C0DAA8F34D3FF844401D7810968C0756C0C8C738903FF844407E05C47F950756C02D8DA90540F8444035649703980756C05C3F582140F84440
5,25,985,secondary,0102000020E6100000020000002310AFEB970756C094AC79443BF8444035649703980756C05C3F582140F84440
6,27,1085,secondary,0102000020E61000000A000000C636A968ACFE55C03605323B8BFC4440EE9579ABAEFE55C080BBECD79DFC4440591822A7AFFE55C016BEBED6A5FC4440C971A774B0FE55C0B37DC85BAEFC44400BEB6B02B1FE55C07DB5FEF1B9FC44405812EA33B1FE55C06FB31DF8BDFC444022A06758B1FE55C0AF20729FC1FC44407CBABA63B1FE55C05B087250C2FC4440753F02DAB1FE55C0C34DA14ED4FC4440877945A6B2FE55C0B9084268F3FC4440
6,27,1295,secondary,0102000020E61000001B000000C90C0A39A5FE55C0629F008A91FB4440A08D5C37A5FE55C07CB4386398FB4440ABAE4335A5FE55C0D4F3C9E59AFB444058B0E831A5FE55C0FC7A74D99EFB4440B1B3322BA5FE55C06FD575A8A6FB444076F7A523A5FE55C01785B8CDAFFB4440CFFAEF1CA5FE55C0C09657AEB7FB4440881D7C17A5FE55C07B754474BEFB444076E09C11A5FE55C0B3D1393FC5FB4440E1F2B3ECA4FE55C0B4A1AC29DAFB4440DBBFB2D2A4FE55C09128B4ACFBFB4440520ABABDA4FE55C0DD7A4D0F0AFC4440520ABABDA4FE55C0A435069D10FC4440520ABABDA4FE55C0FF05820019FC4440052857C2A4FE55C06B836E8A22FC4440F30181CEA4FE55C0C2D9AD6532FC44409AFE36D5A4FE55C019F329B638FC4440D5BAC3DCA4FE55C09E1A796A3FFC4440AC3B16DBA4FE55C0FB2477D844FC4440F962940CA5FE55C035DE0CED52FC4440FF959526A5FE55C0D49B51F355FC44401C7BF65CA6FE55C0ADC1FBAA5CFC4440FD721C2EA8FE55C0C3E62D686BFC4440624CFA7BA9FE55C07C9F05FC75FC4440A3D92BE2AAFE55C06AF5D55581FC4440A27A6B60ABFE55C0B6F63E5585FC4440C636A968ACFE55C03605323B8BFC4440
7,21,1188,secondary,0102000020E6100000050000001AEE6D4441FE55C04A308B3F40E044405F01F15F45FE55C06244471740E04440C7F5EFFA4CFE55C0AAAE8DC23FE044409C3F5C284FFE55C0CEFA39AA3FE04440E8FE452B52FE55C08C0BAC883FE04440
7,21,1180,secondary,0102000020E610000003000000D36641CD35FE55C0C737CAB040E044407DE6AC4F39FE55C0F188658E40E044401AEE6D4441FE55C04A308B3F40E04440
7,21,1181,secondary,0102000020E610000002000000B204638E2FFE55C0CD98DDEE40E04440D36641CD35FE55C0C737CAB040E04440
7,21,990,secondary,0102000020E610000005000000E0F3C308E1FD55C09CDABEEC43E04440B5ABEBAB06FE55C05BD7C3F242E0444002C2E2CB1FFE55C05B0B0E8A41E04440B38064952DFE55C02CCF280241E04440B204638E2FFE55C0CD98DDEE40E04440
7,21,1189,secondary,0102000020E61000000200000061C66F65E4FD55C0F09CD26641E04440E0F3C308E1FD55C09CDABEEC43E04440
7,21,1187,secondary,0102000020E610000002000000C0249529E6FD55C0F7D50BF43FE0444061C66F65E4FD55C0F09CD26641E04440
7,21,991,secondary,0102000020E61000000200000006C88624E9FD55C0F8C7D68E3DE04440C0249529E6FD55C0F7D50BF43FE04440
7,21,1186,secondary,0102000020E610000005000000AAA7453305FE55C0053411363CE044405ECEB6E402FE55C076A73B4F3CE044406E4100BAF9FD55C052B7B3AF3CE04440501FDCF8EEFD55C0B149230B3DE0444006C88624E9FD55C0F8C7D68E3DE04440
7,21,1184,secondary,0102000020E61000000200000059F21DA10BFE55C09A97C3EE3BE04440AAA7453305FE55C0053411363CE04440
7,21,1185,secondary,0102000020E610000004000000450598431CFE55C0F9E7B34D3BE044409F2523C21AFE55C035A440553BE044409B8E006E16FE55C0BE59396A3BE0444059F21DA10BFE55C09A97C3EE3BE04440
7,21,1183,secondary,0102000020E610000005000000CA89761552FE55C04258326C39E044402BCC310F4FFE55C000C5C89239E04440A6EF350447FE55C0CB9761ED39E04440619C09971FFE55C0EEAFC33D3BE04440450598431CFE55C0F9E7B34D3BE04440
7,21,1178,secondary,0102000020E610000002000000CA89761552FE55C04258326C39E04440E8FE452B52FE55C08C0BAC883FE04440
8,21,1007,secondary,0102000020E610000002000000D1C0D9F7F2FE55C0DC7F098101E344402BFBAE08FEFE55C0F437A11001E34440
8,21,1006,secondary,0102000020E610000004000000261E5036E5FE55C05EBA490C02E34440786FFBD4E7FE55C0C3C771F101E34440BBD23252EFFE55C0706DF2A501E34440D1C0D9F7F2FE55C0DC7F098101E34440
8,21,867,secondary,0102000020E610000011000000EF7211DF89FE55C06842EE7D05E3444041C758B78BFE55C0D987067305E344400FBB4AD290FE55C057D7FC5305E34440E02EFB75A7FE55C0213A048E04E34440D7A19A92ACFE55C0CEDF844204E344400A2DEBFEB1FE55C00A40ED0104E34440AD95BF31BAFE55C004B1C79F03E3444010ABE408BEFE55C00A88A47103E34440C1745AB7C1FE55C0C998165003E344408CC9D1D2CBFE55C0D546D0F302E34440C62066E5CDFE55C00AD05BE102E3444073086696CEFE55C064D3A5DA02E34440E3EB21D0CFFE55C0D518BECF02E34440ED1406C0D3FE55C0D5EAABAB02E34440871B4BB3D4FE55C0056F48A302E344402AFD84B3DBFE55C040CFB06202E34440261E5036E5FE55C05EBA490C02E34440
8,21,860,secondary,0102000020E61000000C00000040EB2B595FFE55C0F624B03907E34440862CC19863FE55C0143E5B0707E344407F9763C364FE55C05C04C6FA06E34440AD403E3267FE55C0EB909BE106E344401C15EE4B6CFE55C0DF2A99AD06E34440421A5FC573FE55C0F710436106E344401070AD9B77FE55C0A4E4D53906E3444097B7D90E7CFE55C0AABBB20B06E34440A2A476757DFE55C0C70270FD05E3444022C7D63384FE55C086E5CFB705E344403873FEDC86FE55C0EBF2F79C05E34440EF7211DF89FE55C06842EE7D05E34440
8,21,1302,secondary,0102000020E61000001000000040EB2B595FFE55C0F624B03907E34440F9DFA52F5FFE55C066FFF27FFDE24440D54EDE115FFE55C011001C7BF6E24440A6B338085FFE55C0245DD83FF4E244407C1D82F45EFE55C0622B0DA1EFE24440882760E05EFE55C0F3C98AE1EAE244406AC999DC5EFE55C035779906EAE24440179D2CB55EFE55C0B11303C9E0E244404D26B8A25EFE55C0A1720289DCE24440D69695815EFE55C069D48DC1D4E24440DC9B84775EFE55C06BC6585CD2E24440050429675EFE55C03130E186CEE24440DC5669415EFE55C0AD5681B5C5E244409A7EE4315EFE55C0BAE2981BC2E2444011B2E20A5EFE55C0A7F22CF7B8E24440656B22D85DFE55C0D126E208ADE24440
8,21,1084,secondary,0102000020E610000002000000656B22D85DFE55C0D126E208ADE2444094EFBECF5DFE55C0CC9DF419ABE24440
8,21,1082,secondary,0102000020E61000000200000094EFBECF5DFE55C0CC9DF419ABE244403BD56BC45DFE55C0F7B2486EA8E24440
8,21,1083,secondary,0102000020E6100000020000003BD56BC45DFE55C0F7B2486EA8E24440B21F73AF5DFE55C01DE38A8BA3E24440
8,21,1081,secondary,0102000020E610000002000000B21F73AF5DFE55C01DE38A8BA3E24440AC037BA75DFE55C036CF6CB2A1E24440
8,21,1080,secondary,0102000020E610000002000000AC037BA75DFE55C036CF6CB2A1E24440B80D59935DFE55C039B302E89CE24440
8,21,1079,secondary,0102000020E610000003000000B80D59935DFE55C039B302E89CE244402409675C5DFE55C051966B1B90E24440A11342075DFE55C06D4F351F7CE24440
10,21,1164,secondary,0102000020E610000003000000B43FAB27CE0056C0682508B2F9DF4440D8B96933CE0056C0A8DA13C9FCDF44401992EE42CE0056C0D2904CE207E04440
10,21,1165,secondary,0102000020E6100000040000001992EE42CE0056C0D2904CE207E044400DE4349FCE0056C0935DC4D21BE044408A613DA4CE0056C044300E2E1DE04440907D35ACCE0056C0E9EC09B721E04440
10,21,1040,secondary,0102000020E610000002000000907D35ACCE0056C0E9EC09B721E04440A8ED15CCCE0056C0BC557CE827E04440
10,21,1023,secondary,0102000020E610000002000000A8ED15CCCE0056C0BC557CE827E0444041D47D00D20056C0F2DE07D627E04440
10,21,1021,secondary,0102000020E6100000020000006B0E10CCD10056C0D17C299721E04440907D35ACCE0056C0E9EC09B721E04440
10,21,1020,secondary,0102000020E61000000200000041D47D00D20056C0F2DE07D627E044406B0E10CCD10056C0D17C299721E04440
10,21,1022,secondary,0102000020E6100000040000006B0E10CCD10056C0D17C299721E044408F71C5C5D10056C0399CF9D51CE04440F439D274D10056C0880E266A0EE044408FD08547D10056C091A1BEC007E04440
10,21,1166,secondary,0102000020E6100000050000003F332D56F90056C01C36DB2626E04440071104230A0156C040CA3E7E25E04440578A2EB91B0156C082A55FC724E04440CEA387461C0156C0706880C124E044407307FBC01F0156C0B2FBE99A24E04440
10,21,1157,secondary,0102000020E61000000400000067CF0AB11F0156C03E9BB0581EE04440510F762F1C0156C0D388997D1EE044408F75CCD4FF0056C02B2A87BB1FE044405BB0F95DFD0056C05BDC35D71FE04440
10,21,1167,secondary,0102000020E61000000400000041D47D00D20056C0F2DE07D627E0444004C4C9A2D50056C07533EDAC27E04440F484CA64DD0056C06971C63027E044403F332D56F90056C01C36DB2626E04440
10,21,1159,secondary,0102000020E610000002000000BB624678FB0056C02553AAE91FE04440EFB902C0E70056C0E9AA8ABA20E04440
10,21,1158,secondary,0102000020E6100000020000005BB0F95DFD0056C05BDC35D71FE04440BB624678FB0056C02553AAE91FE04440
10,21,1160,secondary,0102000020E610000005000000EFB902C0E70056C0E9AA8ABA20E044403752B648DA0056C054A3FC4921E044407BF42B42D60056C0BF11386D21E04440C8354FBFD50056C0A7CF697121E044406B0E10CCD10056C0D17C299721E04440
10,21,1161,secondary,0102000020E6100000060000008FD08547D10056C091A1BEC007E04440E2B7D738D10056C0385CF5CA06E044403CA41820D10056C08028983105E044402A221EE4D00056C07778190F00E044405445A79DD00056C067727B93F0DF4440D7B09586D00056C0E0867368ECDF4440
10,21,1163,secondary,0102000020E61000000200000008F9EAF4CD0056C0ECBE6378ECDF4440B43FAB27CE0056C0682508B2F9DF4440
11,21,1010,secondary,0102000020E6100000120000003BA759A0DDFB55C05116BEBED6E1444098FCAAB7E1FB55C040E54E9FD3E14440A3282BE1E4FB55C0C5591135D1E1444019486128F1FB55C094C6C3D6C7E144407BC44373F8FB55C0CC4D8A45C2E14440FB1AEEC8FDFB55C0B7D5AC33BEE14440B9DD70C4FFFB55C01C171FB0BCE144407CFE6AC402FC55C0B8FBC165BAE14440EC01A9030FFC55C005E67C0CB1E14440CE6CFC2E11FC55C06BF9DC64AFE144404FA786472CFC55C0460BD0B69AE144407344639236FC55C0AF3610DC92E1444095FA682739FC55C0B0B211E390E144404AEB6F0940FC55C0B91160A28BE14440207AF76C42FC55C078FAF7CF89E14440E73AE86D47FC55C09262DBFD85E144404E6ECACB50FC55C0FB7376D77EE144404BA47E2862FC55C0F06C8FDE70E14440
11,21,989,tertiary,0102000020E6100000100000003BA759A0DDFB55C05116BEBED6E14440836DC493DDFB55C0DC95A7BDD2E14440FA5BA736DDFB55C0EB217596B4E14440EE23B726DDFB55C052691F86B1E14440D0C5F022DDFB55C040EAC083B0E144400CFBE2F7DBFB55C01BB96E4A79E14440D13E56F0DBFB55C0C992399677E144409582C9E8DBFB55C0532058FA75E144401348895DDBFB55C068976F7D58E1444090526408DBFB55C085FA4CAC42E14440134B2597DAFB55C0AEAFBF362CE14440C6DE8B2FDAFB55C0B83F170D19E14440CCB56801DAFB55C0E08101840FE14440A208A9DBD9FB55C06D5512D907E1444026016A6AD9FB55C0C075C58CF0E04440556EFD4FD9FB55C0F5AD2017E6E04440
12,25,1230,tertiary,0102000020E610000002000000794CEEC1B50256C090CA0347B8F54440C1406BD9B50256C058D06A37B0F54440
12,25,1226,tertiary,0102000020E610000002000000D37D4ADFB50256C09508F945AEF5444032B495F2B50256C0F32F93F2A4F54440
12,25,1229,tertiary,0102000020E610000002000000C1406BD9B50256C058D06A37B0F54440D37D4ADFB50256C09508F945AEF54440
12,25,1227,tertiary,0102000020E61000000200000032B495F2B50256C0F32F93F2A4F544404A0D6D00B60256C0BB01B04B9EF54440
12,25,1225,tertiary,0102000020E6100000020000004A0D6D00B60256C0BB01B04B9EF544400E68E90AB60256C0ED0DBE3099F54440
12,25,1228,tertiary,0102000020E6100000030000000E68E90AB60256C0ED0DBE3099F5444050296508B60256C0288D87AD8FF5444026AAB706B60256C00D4A3DB088F54440
12,25,1223,tertiary,0102000020E61000000200000026AAB706B60256C00D4A3DB088F5444067823C16B60256C0DE3829CC7BF54440
12,25,1224,tertiary,0102000020E61000000300000067823C16B60256C0DE3829CC7BF5444079D6242EB60256C08F55A58867F54440441F871CB60256C0E8D9ACFA5CF54440
12,25,1233,tertiary,0102000020E610000003000000441F871CB60256C0E8D9ACFA5CF544402CDDB820B60256C048275CD94FF544407FDB1324B60256C05456D3F544F54440
12,25,1232,tertiary,0102000020E6100000030000007FDB1324B60256C05456D3F544F544402CDDB820B60256C03ECA880B40F54440617D4D20B60256C021F994AD3FF54440
12,25,1231,tertiary,0102000020E610000002000000617D4D20B60256C021F994AD3FF5444079A8120AB60256C0DDCEBEF220F54440
12,25,1039,tertiary,0102000020E61000000400000079A8120AB60256C0DDCEBEF220F54440AF48A709B60256C045DA21591BF5444085C9F907B60256C04346F6F708F54440BB698E07B60256C03A0C416903F54440
12,25,1234,tertiary,0102000020E610000004000000BB698E07B60256C03A0C416903F5444026AAB706B60256C032B0E99CFAF44440C78A7505B60256C063377D87ECF4444044087E0AB60256C06150A6D1E4F44440
12,25,1235,tertiary,0102000020E61000000400000044087E0AB60256C06150A6D1E4F4444085B2F0F5B50256C0A1551CBDD0F44440C7736CF3B50256C0FCC0FAE4CDF4444056174BECB50256C0A61D4828C7F44440
12,25,1236,tertiary,0102000020E61000000500000056174BECB50256C0A61D4828C7F44440C15774EBB50256C024E93F10C5F44440A3F9ADE7B50256C058A59993BCF444400E3AD7E6B50256C0B2AE1B00BBF44440081EDFDEB50256C080F277EFA8F44440
12,25,1237,tertiary,0102000020E610000002000000081EDFDEB50256C080F277EFA8F44440DF5916A7B50256C083D08B248BF44440
12,25,1238,tertiary,0102000020E610000002000000DF5916A7B50256C083D08B248BF44440A9A27895B50256C0412E71E481F44440
14,9,38,residential,0102000020E61000000200000037C478CDAB995EC0955FABA9D1D647405BCB097FAB995EC0C94D1E60F7D64740
14,9,60,residential,0102000020E61000000600000002864089AA995EC0E3303D06D0D647404963B48EAA995EC03CBEBD6BD0D64740854D53BAAA995EC0833C71EFD0D64740E4C8B903AB995EC09B087657D1D647402B195B63AB995EC05FA80D98D1D6474037C478CDAB995EC0955FABA9D1D64740
14,9,56,residential,0102000020E6100000060000006D640DCDAB995EC085002A66CED64740C6223C90AB995EC0F0405365CED6474014927131AB995EC0D82C978DCED6474043BAE9E0AA995EC07E8571DCCED64740D218ADA3AA995EC0E34AE251CFD647400EA72787AA995EC0D1C54BDCCFD64740
14,9,57,residential,0102000020E6100000070000008A3265F1AC995EC08A5B0531D0D647404871E9F3AC995EC0D7CA3AD2CFD6474019BF3AD8AC995EC0E34AE251CFD64740259B06A0AC995EC0258227E3CED647407E422C51AC995EC055AA9F92CED64740617138F3AB995EC019C00067CED647406D640DCDAB995EC085002A66CED64740
14,9,58,residential,0102000020E61000000600000037C478CDAB995EC0955FABA9D1D6474019F0E835AC995EC012AFA18AD1D6474019631690AC995EC095D5743DD1D647401FC429CEAC995EC0E94999D4D0D64740F5728EF0AC995EC048C89B57D0D647408A3265F1AC995EC08A5B0531D0D64740
14,9,39,residential,0102000020E610000002000000317A6EA1AB995EC0336FD575A8D647406D640DCDAB995EC085002A66CED64740
14,9,495,residential,0102000020E610000002000000D84BAEBDAA995EC09AFBF55498D64740C653EAEDAA995EC0F1AD5978A8D64740
14,9,16,residential,0102000020E610000002000000C653EAEDAA995EC0F1AD5978A8D64740317A6EA1AB995EC0336FD575A8D64740
14,9,494,residential,0102000020E61000000300000097A13BD2AA995EC04795BC9580D64740D246BFC7AA995EC0CABED0C88CD64740D84BAEBDAA995EC09AFBF55498D64740
15,1,94,secondary,0102000020E6100000030000007A8B87F71C975EC0E22A0593D1C447401A97BBE01D975EC0A26C8088C3C447400221A34D1F975EC04224438EADC44740
15,1,123,secondary,0102000020E610000004000000E6FC5E541C975EC0A2027168DBC447403940D58D1C975EC0F17D16F0D7C44740217134EC1C975EC07DD5253ED2C447407A8B87F71C975EC0E22A0593D1C44740
15,1,122,secondary,0102000020E61000000400000081DBC9961B975EC00E38A682E5C44740AAB69BE01B975EC0F24410E7E1C44740CE7575221C975EC0B8DCAA35DEC44740E6FC5E541C975EC0A2027168DBC44740
15,1,124,secondary,0102000020E6100000050000004C89247A19975EC088F13F9E02C547401D4AA3B819975EC0834078FEFEC447407BC26DC81A975EC0B53DD57CF0C447409F5335E61A975EC07A8780E8EEC4474081DBC9961B975EC00E38A682E5C44740
15,1,119,secondary,0102000020E610000002000000DBFEF04E19975EC05DAED92505C547404C89247A19975EC088F13F9E02C54740
15,1,126,secondary,0102000020E61000000A000000E527D53E1D975EC08328A95D5DC54740DB5DB1D018975EC0395508F53EC547406AEA86B718975EC0752B3A483EC54740F4A21B0618975EC0B3CB5C8539C547402A745E6317975EC0B0F2BA3434C5474089658E4017975EC0F349DD8431C547405FCFD72C17975EC0CB38FC242DC5474071DB08D517975EC0849D62D520C54740A6304A2B19975EC00E1FC7C507C54740DBFEF04E19975EC05DAED92505C54740
15,1,128,secondary,0102000020E610000015000000EC9D769D32975EC03F24D7A8E2C54740CFE9C3C430975EC01DBCC0F6DDC547401C67898425975EC07F129F3BC1C54740CA880B4023975EC00CB265F9BAC5474042380B2021975EC0638621CDB3C54740DEBA511A20975EC0008BA141AFC54740D8CF07701F975EC0DEC02ED4ABC547405034B4A61E975EC0B7E3970BA6C5474056815A0C1E975EC06D4AC33A9FC54740AF6D9BF31D975EC0F176CE609DC547403E117AEC1D975EC0E6D484A39AC547404A3261EA1D975EC0D689703898C54740625D26D41D975EC0F4CDECA98BC5474086C0DBCD1D975EC020CFD32588C54740562536C41D975EC0880849B082C547400F48C2BE1D975EC0A18499B67FC5474050093EBC1D975EC01931FD5C7EC54740C76A4EB91D975EC07F445DB57CC547401AC5CD041E975EC0DC48D92269C5474032079C001E975EC04A11740F64C54740E527D53E1D975EC08328A95D5DC54740
15,1,127,secondary,0102000020E6100000060000001E3D34E238975EC0A0A696ADF5C547409C61B4D837975EC0E48D27DDF1C54740A39AED6536975EC0E09AE040EDC547401428BDCA35975EC02234828DEBC547409E735C3233975EC03214C149E4C54740EC9D769D32975EC03F24D7A8E2C54740
15,1,107,tertiary,0102000020E610000007000000E6FC5E541C975EC0A2027168DBC44740858F2D701E975EC0E99AC937DBC447405B83ADC81E975EC04EA8F11CDBC4474025AC32F820975EC09CBB0276DAC447400CA6AB8523975EC06D99C239D9C44740CA26AF8424975EC03225EDA1D8C447402EBB719C25975EC03E7782FDD7C44740
15,1,104,tertiary,0102000020E6100000070000002EBB719C25975EC03E7782FDD7C44740CE1F2E9427975EC09E29CF17D6C447406D3C331C2A975EC01D3D7E6FD3C447400D2B26802C975EC04E29AF95D0C44740ACA34F502F975EC05B6D0F8CCDC447404CEE66FC31975EC092E86514CBC447406888748934975EC05E7FB7E5C8C44740
15,1,88,tertiary,0102000020E6100000080000006888748934975EC05E7FB7E5C8C44740EA9F96D52A975EC07B754474BEC44740B5EB94FD29975EC087E17E1BBDC44740574BF03C27975EC078126CB7B8C44740ABF0C23126975EC08B27710CB7C447400C4A873D23975EC0E271F673AFC44740E3E71AC121975EC08F8D40BCAEC447400221A34D1F975EC04224438EADC44740
16,6,541,residential,0102000020E610000003000000DEF824C165965EC000338408DDD847406D9C03BA65965EC066ED0099E7D8474055432CAC65965EC07E4CB560F3D84740
16,6,573,residential,0102000020E61000000700000014573AC464965EC0CBDD42B2DBD847407F9763C364965EC07E40FBECDBD847405B4BB7DB64965EC06C8D5253DCD8474020D4450A65965EC0E26190AADCD84740E473DD4A65965EC07D827AE9DCD84740022EC89665965EC095F25A09DDD84740DEF824C165965EC000338408DDD84740
16,6,574,residential,0102000020E61000000B000000DEF824C165965EC000338408DDD847403D4679E665965EC000338408DDD8474090A0F83166965EC095C448E5DCD84740F5204E7166965EC03C65DAA3DCD847404E69B3A066965EC0F5143944DCD847400DBF40B566965EC0A18CA7D4DBD847403D43DDAC66965EC0FB05BB61DBD84740A855F48766965EC0E339B6F9DAD84740CC738E4B66965EC07EA257A8DAD847404F9A61FE65965EC0317BD976DAD84740CCA43CA965965EC0A2C0F16BDAD84740
16,6,575,residential,0102000020E610000005000000CCA43CA965965EC0A2C0F16BDAD847403D8E305665965EC0D272A087DAD847409D514E0F65965EC0015361C7DAD84740E4E9A6DE64965EC04EA8F11CDBD84740DEB6A5C464965EC013769B81DBD84740
16,6,847,residential,0102000020E6100000030000004FB4064A65965EC0905DB3A6C3D84740E48AE65C65965EC0A8041FDECED84740CCA43CA965965EC0A2C0F16BDAD84740
16,6,849,residential,0102000020E610000003000000316D495865965EC0C0A78306ACD8474097917A4F65965EC049A8740BB8D847404FB4064A65965EC0905DB3A6C3D84740
16,6,848,residential,0102000020E610000003000000E445CB2665965EC0C616821C94D84740E473DD4A65965EC0257E20D4A0D84740316D495865965EC0C0A78306ACD84740
16,6,503,residential,0102000020E610000004000000E445CB2665965EC0C616821C94D84740AF38414063965EC05BD6581D94D84740D6B5ACB13A965EC0CC49833694D84740536463143A965EC0CC49833694D84740
16,6,571,residential,0102000020E61000000B000000536463143A965EC0CC49833694D847401EADC5023A965EC09103C0C293D84740B94379D539965EC0CC35165E93D84740A1A5869139965EC0A35A441493D84740DDEEE53E39965EC0502ED7EC92D847400740811C39965EC0502ED7EC92D847409BBA3CE738965EC0E4EDADED92D84740A263079538965EC0CDD9F11593D847401F85EB5138965EC02034716193D847400D1AFA2738965EC03D0565BF93D8474043A3851538965EC01310EE2994D84740
16,6,569,residential,0102000020E61000000600000043A3851538965EC01310EE2994D847407E5F121D38965EC0139A249694D847402B8FC93D38965EC0D767CEFA94D847406074797338965EC03DFF2C4C95D847403651F0B938965EC007A4B38295D847407269A10939965EC02519839895D84740
16,6,570,residential,0102000020E6100000060000007269A10939965EC02519839895D847404241295A39965EC06CDFED8B95D84740A1BC8FA339965EC072B6CA5D95D847401E7FB3DE39965EC0B41B221395D847409B2ACE073A965EC09C4F1DAB94D84740536463143A965EC0CC49833694D84740
16,6,568,residential,0102000020E6100000040000007269A10939965EC02519839895D84740A709360939965EC05455682096D847405A3EDC1F39965EC07444BE4BA9D84740187D602239965EC0029D499BAAD84740
16,6,567,residential,0102000020E610000007000000D6E65A0F3A965EC00169FF03ACD847401EC4CE143A965EC031BF89D7ABD84740482C73043A965EC073F6CE68ABD84740D6A13FD939965EC002278007ABD8474048A23C9839965EC0978A32C0AAD84740D7E9F64839965EC0029D499BAAD84740187D602239965EC0029D499BAAD84740
16,6,564,residential,0102000020E610000006000000187D602239965EC0029D499BAAD84740E9B3A8F438965EC0975C209CAAD847400DBB39A638965EC0EA888DC3AAD84740137B0D6638965EC014645F0DABD84740540E773F38965EC0B4B74A66ABD84740B416B02E38965EC0E4C51DCAABD84740
16,6,566,residential,0102000020E610000006000000CB83F41439965EC096986725ADD84740B39D4A6139965EC007DE7F1AADD84740F4BAEAA639965EC060B3B7EFACD84740B33E8ADF39965EC01F9617AAACD847409B2ACE073A965EC084471B47ACD84740D6E65A0F3A965EC00169FF03ACD84740
16,6,565,residential,0102000020E610000007000000B416B02E38965EC0E4C51DCAABD847407255343138965EC00D73DDEFABD84740EFD23C3638965EC066D24B31ACD84740A823DB5438965EC084A33F8FACD847401FCA068838965EC0017D6CDCACD847400DE94BCA38965EC07823980FADD84740CB83F41439965EC096986725ADD84740
16,6,562,residential,0102000020E610000004000000CB83F41439965EC096986725ADD84740CB83F41439965EC0420A9E42AED84740CB83F41439965EC0DF76FC72C1D84740E9E1BA1839965EC0DD8431D8C3D84740
16,6,563,residential,0102000020E610000005000000E9E1BA1839965EC0DD8431D8C3D84740FB1E9A1E39965EC041446ADAC5D847402411757A39965EC0A36A0597D8D847403C53437639965EC0A9554F41D9D84740B9D04B7B39965EC0CC8756DDD9D84740
16,6,536,residential,0102000020E610000003000000BF4B040539965EC078F98CFADAD84740CBC80F4B39965EC007FC2B75DAD84740B9D04B7B39965EC0CC8756DDD9D84740
16,6,538,residential,0102000020E610000003000000A2F0D93A38965EC00139BC7BDBD84740A19119B938965EC07250C24CDBD84740BF4B040539965EC078F98CFADAD84740
16,6,529,residential,0102000020E610000007000000A2F0D93A38965EC00139BC7BDBD847409040CDDA37965EC06C79E57ADBD84740847EA65E37965EC042FA3779DBD84740CC75BFAF36965EC0BF77407EDBD84740961C1C9114965EC0F500CC6BDBD84740334FAE2910965EC036C24769DBD84740701173A40E965EC0A2027168DBD84740
16,6,545,tertiary,0102000020E610000002000000701173A40E965EC0A2027168DBD84740350296010C965EC0FB05BB61DBD84740
16,6,512,tertiary,0102000020E61000000F000000350296010C965EC0FB05BB61DBD84740900B186E0A965EC07E88B25CDBD84740D987067305965EC00710994DDBD847404DB1B49D00965EC02557563FDBD84740A231491BFD955EC0969C6E34DBD84740F0445A74FC955EC06C1DC132DBD8474014F0C6DDFB955EC0429E1331DBD84740451E7700FA955EC08A647E24DBD8474092D56311F9955EC0E367C81DDBD84740702DEE9AEB955EC0EF1582C1DAD84740591F6A36EA955EC08ADA47B8DAD84740B9FFC874E8955EC037DCECB4DAD84740C87DAB75E2955EC03DE1DBAADAD847408C37E801E2955EC0A82105AADAD84740C2F1214DE1955EC07EA257A8DAD84740
16,6,499,residential,0102000020E610000007000000C2F1214DE1955EC07EA257A8DAD84740A5935B49E1955EC06BCFD14FDDD847401CF56B46E1955EC0882AFC19DED8474033373A42E1955EC069EB3B1AE2D8474010BD7B36E1955EC0F5937BCBE6D847406FF3C649E1955EC0CDB3ED0FEFD84740AAAF5351E1955EC09047156AF2D84740
16,6,500,residential,0102000020E610000006000000AAAF5351E1955EC09047156AF2D847405DCDF055E1955EC0DCC47F70F4D84740D4450A65E1955EC0A31DDC42FCD8474045A22B6CE1955EC0D72A6629FED84740C2363D83E1955EC0D8F15F2008D947407554DA87E1955EC05AF855140AD94740
16,6,533,living_street,0102000020E6100000030000007554DA87E1955EC05AF855140AD947408791B98DE1955EC0B265F9BA0CD94740F2FFF4B0E1955EC0E312EC6415D94740
16,6,534,residential,0102000020E610000005000000F2FFF4B0E1955EC0E312EC6415D947401B7FA2B2E1955EC0A76ACC3516D9474081BADCBBE1955EC017EC2BB418D947409225CEE5E1955EC04F006A0F20D947400987DEE2E1955EC07E3C4F9720D94740
16,6,550,residential,0102000020E6100000050000000987DEE2E1955EC07E3C4F9720D94740E6B0FB8EE1955EC06C2D82B520D94740E654D746E1955EC031CD19F620D9474028D1370EE1955EC0CB1B165921D9474099FF46F1E0955EC05A6034D021D94740
16,6,547,residential,0102000020E61000000600000099FF46F1E0955EC05A6034D021D94740229E36F4E0955EC0FAE1314D22D94740638DC415E1955EC0CAE7CBC122D94740D42E0153E1955EC0E8B8BF1F23D947406F66F4A3E1955EC0595AFC5C23D94740514D49D6E1955EC07DD4BA6823D94740
16,6,548,residential,0102000020E610000007000000514D49D6E1955EC07DD4BA6823D94740CEF863FFE1955EC077CFCB7223D94740F7EA3E5BE2955EC0595AFC5C23D94740C8C2C6ABE2955EC053F9E81E23D947409E712BCEE2955EC0536FB2B222D94740AAC024F0E2955EC0ADE8C53F22D947408C625EECE2955EC0B39190ED21D94740
16,6,549,residential,0102000020E6100000060000008C625EECE2955EC0B39190ED21D94740988345EAE2955EC078A7F1C121D94740AA9212CCE2955EC08AFE751321D94740BC73CD89E2955EC0CC63CDC820D94740EC9B4539E2955EC02539059E20D947400987DEE2E1955EC07E3C4F9720D94740
17,4,605,residential,0102000020E610000003000000CEC3094CA7965EC08C6F833529C34740B3976DA7AD965EC015257C4A29C34740184CB2C4B9965EC0FD10C07229C34740
17,4,604,residential,0102000020E610000004000000D86A6A3494965EC05C8FC2F528C34740CF0B1C7599965EC09246600729C3474037A79201A0965EC0AFBB2F1D29C34740CEC3094CA7965EC08C6F833529C34740
17,4,603,residential,0102000020E61000000300000029ECA2E881965EC0E516A9E628C34740E078889084965EC0381504EA28C34740D86A6A3494965EC05C8FC2F528C34740
17,4,602,residential,0102000020E6100000040000007939910571965EC0FD2A65BE28C347400FF10F5B7A965EC0096355CE28C347405B9F28BF7B965EC0F12087D228C3474029ECA2E881965EC0E516A9E628C34740
17,4,612,residential,0102000020E61000000C000000095971056F965EC03386DE8728C3474032D81E076F965EC0096355CE28C3474080E893266F965EC0C72B103D29C3474009CC9E5F6F965EC0FD3ED29629C34740268689AB6F965EC0446161D229C34740688C20DF6F965EC0915ACDDF29C347403E3B850170965EC0F69507E929C34740EAAF575870965EC0C1DE69D729C3474032E9EFA570965EC0627A0CA029C34740852C66DF70965EC0D363004D29C34740253B360271965EC0BB97FBE428C347407939910571965EC0FD2A65BE28C34740
17,4,609,residential,0102000020E6100000070000007939910571965EC0FD2A65BE28C34740C016050B71965EC03F90BC7328C34740F69F90F870965EC080C7010528C34740BAB5F1CC70965EC00FF8B2A327C34740C075C58C70965EC0E61CE15927C34740E47C563E70965EC0D4B1EF2F27C347404A8A7E2370965EC0AA32422E27C34740
17,4,610,residential,0102000020E6100000060000004A8A7E2370965EC0AA32422E27C34740F64608EA6F965EC0C274102A27C347405C0F15996F965EC045251A4927C347401AF274536F965EC07505DB8827C347407ACC9B1E6F965EC02796A5E727C34740A9392F046F965EC00FDE0D5828C34740
17,4,608,residential,0102000020E6100000040000005A9BC6F65A965EC0CEEE7F3628C34740676902A065965EC0CE1C925A28C34740DD37088467965EC03358CC6328C34740095971056F965EC03386DE8728C34740
17,4,835,residential,0102000020E61000000700000083610A2046965EC0BC557CE827C347403F7A79F049965EC09E0EBFF627C347400D99E1F54F965EC05143650D28C347402A1F82AA51965EC0F73F1B1428C34740C2A0F1E956965EC0EB353D2828C347402CEF4F4E59965EC0BCB1A03028C347405A9BC6F65A965EC0CEEE7F3628C34740
17,4,834,residential,0102000020E610000003000000231631EC30965EC0EC4FE27327C34740521674313C965EC0276893C327C3474083610A2046965EC0BC557CE827C34740
17,4,833,tertiary,0102000020E610000005000000231631EC30965EC0EC4FE27327C34740FF9B72E030965EC0D6BA1E9617C34740B7BEFEDA30965EC012EA33B10AC3474011C248D430965EC0332F2C2405C3474023E81EC830965EC0816ACDA0EBC24740
18,8,163,residential,0102000020E61000000600000014BEADAA4D955EC01544937A05CD47400298D7B64D955EC03B1279DC01CD4740C6F253C14D955EC047BDF1FFF4CC47403D5464BE4D955EC002F5C18DEFCC4740E4501AC54D955EC0F8AE9C18EDCC4740D2FC31AD4D955EC0FFBFFBF4E9CC4740
18,8,211,secondary,0102000020E61000000600000014BEADAA4D955EC01544937A05CD4740D3612AA24B955EC07A7FCD8305CD47407E7F942243955EC0C245387705CD4740A8740BB842955EC02D86617605CD47406D73637A42955EC02D86617605CD474057E1E01C3F955EC01B49827005CD4740
18,8,252,primary,0102000020E61000000300000057E1E01C3F955EC01B49827005CD4740F20703CF3D955EC0D5EAABAB02CD4740B80F2F3E3B955EC0BAA1293BFDCC4740
18,8,238,primary,0102000020E610000002000000B80F2F3E3B955EC0BAA1293BFDCC474074D4D17135955EC05BC4C1EFF0CC4740
18,8,239,primary,0102000020E61000000300000074D4D17135955EC05BC4C1EFF0CC47402785798F33955EC08DB62A89ECCC4740BD8FA33932955EC08E1EBFB7E9CC4740
18,8,167,primary,0102000020E610000008000000BD8FA33932955EC08E1EBFB7E9CC4740C33B0A2131955EC00156A247E7CC474090C4268D2C955EC0E2EBC616DDCC4740A263624E2B955EC007CE1951DACC4740335B689D27955EC0E8E73C19D2CC47407BF3C06C27955EC0B8D969B5D1CC4740A5A6B80526955EC0D82C978DCECC4740F35A09DD25955EC00E5AFE32CECC4740
18,8,216,primary,0102000020E610000003000000F35A09DD25955EC00E5AFE32CECC47408820185124955EC063DA92B0CACC4740595AFC5C23955EC0C330BB82C8CC4740
18,8,220,primary,0102000020E6100000020000009B351DA622955EC0F9BF7EE3C6CC4740446FF1F01E955EC04548DDCEBECC4740
18,8,177,primary,0102000020E610000003000000446FF1F01E955EC04548DDCEBECC47402CD49AE61D955EC0F3695F8ABCCC4740749DA1131D955EC0594FADBEBACC4740
18,8,234,primary,0102000020E610000002000000749DA1131D955EC0594FADBEBACC4740A469F57A1C955EC01EF57C72B9CC4740
18,8,227,primary,0102000020E6100000050000000AEDE6F31B955EC00D480C4CB8CC474057E9EE3A1B955EC0B44AFAC5B6CC4740EC4CA1F31A955EC067994528B6CC47402E7079AC19955EC06901DA56B3CC474017D2866819955EC0D489BAC5B2CC4740
18,8,247,primary,0102000020E610000002000000A469F57A1C955EC01EF57C72B9CC47400AEDE6F31B955EC00D480C4CB8CC4740
18,8,168,primary,0102000020E61000000200000017D2866819955EC0D489BAC5B2CC47401B66683C11955EC00A1346B3B2CC4740
18,8,178,primary,0102000020E6100000030000001B66683C11955EC00A1346B3B2CC474098874CF910955EC08D953DAEB2CC47404CAEBDAA0E955EC00A1346B3B2CC4740
18,8,257,primary,0102000020E610000003000000CF30B5A50E955EC0626C7C81B4CC4740FEB4519D0E955EC0D896A6ADB6CC4740FEB4519D0E955EC0145CACA8C1CC4740
18,8,187,primary,0102000020E6100000030000004CAEBDAA0E955EC00A1346B3B2CC4740B7EEE6A90E955EC0F8BBC161B3CC4740CF30B5A50E955EC0626C7C81B4CC4740
18,8,215,primary,0102000020E610000003000000FEB4519D0E955EC0145CACA8C1CC474058B89B960E955EC081F33D7ECACC4740C3F8C4950E955EC021FF7167CBCC4740
18,8,256,primary,0102000020E610000003000000C3F8C4950E955EC021FF7167CBCC4740CF19AC930E955EC0D94C744CCCCC4740CF19AC930E955EC00E2CEC0ECECC4740
18,8,213,primary,0102000020E610000005000000CF19AC930E955EC00E2CEC0ECECC474004BA40930E955EC090662C9ACECC4740DB3A93910E955EC071FF91E9D0CC4740B7C0D4850E955EC0A02413A6DECC47403A43CC800E955EC01AA4E029E4CC4740
18,8,221,primary,0102000020E6100000040000003A43CC800E955EC01AA4E029E4CC474052859A7C0E955EC0A239FC7FE6CC47407C04487E0E955EC0B35C363AE7CC474064C279820E955EC08819D0C1E9CC4740
18,8,188,primary,0102000020E61000000700000064C279820E955EC08819D0C1E9CC4740B7C0D4850E955EC07A2B5CA0EECC47406ADE718A0E955EC0710E8DDDF4CC4740873C388E0E955EC009032A77FACC474004BA40930E955EC09BDE6A42FFCC47402E39EE940E955EC0FF6F912001CD474016F71F990E955EC021205F4205CD4740
18,8,173,secondary,0102000020E6100000020000001F03C30314955EC02D2A3D2E05CD4740D5D6E3190F955EC0F16DB02605CD4740
18,8,222,secondary,0102000020E6100000020000009B2F40EC16955EC0986A662D05CD47401F03C30314955EC02D2A3D2E05CD4740
18,8,201,secondary,0102000020E6100000030000007575C7621B955EC003AB8F2C05CD4740FE7277E71A955EC003AB8F2C05CD47409B2F40EC16955EC0986A662D05CD4740
18,8,246,secondary,0102000020E610000003000000BE67244223955EC06EEBB82B05CD4740DE19129C1F955EC06EEBB82B05CD47407575C7621B955EC003AB8F2C05CD4740
18,8,200,secondary,0102000020E6100000030000000DE60A4A2C955EC06E19CB4F05CD47400FDB711E29955EC0B6DF354305CD4740BE67244223955EC06EEBB82B05CD4740
18,8,251,secondary,0102000020E61000000900000057E1E01C3F955EC01B49827005CD4740E68AF7883D955EC05C0AFE6D05CD47405818C7ED3C955EC0C84A276D05CD47406A8654513C955EC0338B506C05CD47402C0BCB4436955EC0CE4F166305CD47401484E11236955EC0CE4F166305CD47401CC6EE4C32955EC0BC12375D05CD4740832ADAC12D955EC08056AA5505CD47400DE60A4A2C955EC06E19CB4F05CD4740
18,8,231,residential,0102000020E610000005000000D2FC31AD4D955EC0FFBFFBF4E9CC4740F7F58DF94A955EC0EE821CEFE9CC47403D1A3D6D43955EC04D8B55DEE9CC47404757E9EE3A955EC0EE540ACBE9CC4740AE3FD35C38955EC0DC172BC5E9CC4740
18,8,171,tertiary,0102000020E61000000500000074D4D17135955EC05BC4C1EFF0CC4740FB0DC97F37955EC050DAC0C2EECC474013F1D6F937955EC04BADF71BEDCC474036F5CB7138955EC0823CBB7CEBCC4740AE3FD35C38955EC0DC172BC5E9CC4740
19,5,297,tertiary,0102000020E6100000030000004C16F71F19975EC0BF1479ED2DD24740ED3BD05419975EC0EF51240450D2474052770A5E19975EC04BB846BA55D24740
19,5,324,tertiary,0102000020E6100000030000007090B52B19975EC09F6DDA311AD247405232EF2719975EC0DEEE9BB11ED247404C16F71F19975EC0BF1479ED2DD24740
19,5,323,tertiary,0102000020E6100000060000008240C28B19975EC09A39C9FBDDD147403A634E8619975EC0F8D96DBCE0D147405EC6038019975EC01F477364E5D14740FFA6C17E19975EC0F5DB323BE6D14740B86D293119975EC030D80DDB16D247407090B52B19975EC09F6DDA311AD24740
19,5,307,tertiary,0102000020E610000005000000EC40E77F03975EC000750305DED147407C04487E0E975EC017B7D100DED147403742F5C514975EC059784DFEDDD147405F11572918975EC02FF99FFCDDD147408240C28B19975EC09A39C9FBDDD14740
19,5,326,tertiary,0102000020E6100000040000005DA21FB2ED965EC077ED1C14DED14740E02D90A0F8965EC0E8323509DED14740E3BE7A81FE965EC029F4B006DED14740EC40E77F03975EC000750305DED14740
19,5,325,tertiary,0102000020E61000000200000009563085E2965EC04D6E6F12DED147405DA21FB2ED965EC077ED1C14DED14740
19,5,279,tertiary,0102000020E610000005000000E5000BAAD7965EC059784DFEDDD1474085EFFD0DDA965EC041367F02DED1474035745886DD965EC0E8323509DED1474076711B0DE0965EC065B03D0EDED1474009563085E2965EC04D6E6F12DED14740
19,5,317,secondary,0102000020E610000003000000E5000BAAD7965EC059784DFEDDD1474032E36DA5D7965EC0FE0C6FD6E0D14740A9447EA2D7965EC0EFA83121E6D14740
19,5,318,secondary,0102000020E610000002000000A9447EA2D7965EC0EFA83121E6D1474092BD9470D7965EC00ADC15551AD24740
19,5,288,residential,0102000020E61000000200000092BD9470D7965EC00ADC15551AD247402D6B5155D7965EC0F38C221054D24740
19,5,350,residential,0102000020E6100000060000002D6B5155D7965EC0F38C221054D24740A49E4F2ED7965EC0F38C221054D2474039EBF8D4D6965EC046B98F3754D24740E6907989D6965EC02ED3E58354D24740BCCCB051D6965EC058DCC9F154D2474081F91A38D6965EC0E01BF97255D24740
19,5,348,residential,0102000020E6100000060000009E57E13BD6965EC051BD35B055D2474086151340D6965EC0BC5983F755D247406F015768D6965EC009DD257156D24740869F49ACD6965EC07AAC74D256D2474092335E04D7965EC0568EDA0E57D2474098C28366D7965EC021054F2157D24740
19,5,346,residential,0102000020E61000000600000098C28366D7965EC021054F2157D247403E3267C7D7965EC0F152A00557D24740F7C7201CD8965EC045F5D6C056D24740D3A98658D8965EC0D425885F56D24740A958EB7AD8965EC0DAA040E955D247403E18C27BD8965EC0276C9AD255D24740
19,5,349,residential,0102000020E6100000070000003E18C27BD8965EC0276C9AD255D247405C76887FD8965EC07BE0BE6955D24740EB025E66D8965EC0999D45EF54D24740807D1931D8965EC0ED116A8654D24740F78205E6D7965EC070383D3954D247408CCFAE8CD7965EC0F38C221054D247402D6B5155D7965EC0F38C221054D24740
20,7,695,secondary,0102000020E6100000020000007E1B62BCE6905EC0514942C7B3C547401234C1CBE7905EC0F664598BAAC54740
20,7,678,secondary,0102000020E610000003000000E6E1A9ECE0905EC0EA61C32EE5C54740CD069964E4905EC08289E4D0C7C547404F52AA8EE6905EC0DF2B0483B5C54740
20,7,840,residential,0102000020E61000000200000017896423EB905EC0140F8354E5C54740E6E1A9ECE0905EC0EA61C32EE5C54740
20,7,839,residential,0102000020E610000005000000174850FC18915EC031E076B2E5C54740604260400A915EC03D8E3056E5C547400F25FF3806915EC008D79244E5C5474029E96168F5905EC06D12CD4DE5C5474017896423EB905EC0140F8354E5C54740
20,7,653,residential,0102000020E610000002000000174850FC18915EC031E076B2E5C547408EEE7B2F19915EC03D258C0BACC54740
20,7,660,secondary,0102000020E6100000020000004F52AA8EE6905EC0DF2B0483B5C547407E1B62BCE6905EC0514942C7B3C54740
20,7,704,residential,0102000020E610000006000000C47AA35618915EC03DB5FAEAAAC54740E2D8695A18915EC01A976027ABC547408E08217B18915EC08A66AF88ABC54740B8CCE9B218915EC0738005D5ABC54740236937FA18915EC00169FF03ACC547408EEE7B2F19915EC03D258C0BACC54740
20,7,705,residential,0102000020E61000000D0000008EEE7B2F19915EC03D258C0BACC54740C9C1114919915EC09023E70EACC547407C3BD39519915EC01FB0BCF5ABC547406A5A18D819915EC06D4D04BBABC547400564F9041A915EC0C6F4296CABC54740E1174D1D1A915EC03DE30C0FABC54740AB77B81D1A915EC002F96DE3AAC5474040378F1E1A915EC03854E7ACAAC54740ED212B091A915EC085C31C4EAAC547401157CEDE19915EC0B5EB94FDA9C547405EF415A419915EC00289DCC2A9C54740E736E15E19915EC080D8D2A3A9C54740E1ECD63219915EC080D8D2A3A9C54740
20,7,703,residential,0102000020E610000006000000E1ECD63219915EC080D8D2A3A9C5474088BB7A1519915EC080D8D2A3A9C5474011FE45D018915EC06EC905C2A9C54740943B229518915EC0202CBEFCA9C547402FD2D56718915EC02CC0D254AAC547403BDCB35318915EC0AFCC00BCAAC54740
20,7,661,secondary,0102000020E6100000030000002D6002B7EE905EC0500537AD6FC54740E7A8A3E3EA905EC08811C2A38DC547401234C1CBE7905EC0F664598BAAC54740
20,7,838,tertiary,0102000020E6100000090000008B78A16FC1905EC00B8B9B64F5C54740EB138ABECC905EC0F1CE4653E2C547401816ED3BD0905EC089D40F45DCC54740AA33AD03D6905EC01195FC3ED2C547405496D700DB905EC047713381C7C5474098C86020E3905EC0F6251B0FB6C5474026529ACDE3905EC0AF4B4343B5C547404320F2F1E4905EC0B037D66AB4C547407E1B62BCE6905EC0514942C7B3C54740
21,2,485,secondary,0102000020E610000004000000029F1F4688945EC089A6A26769D44740CCFE8A4688945EC046B1DCD26AD44740F67D384888945EC010E099756BD4474079454B7988945EC084296FEC7ED44740
21,2,477,secondary,0102000020E61000000400000079454B7988945EC084296FEC7ED4474020A1C10188945EC0E1849DBD8ED44740BA4E7EE687945EC01FA4028294D4474031F5A91988945EC0301D291197D44740
21,2,484,secondary,0102000020E610000006000000E49C7D8A88945EC07A8EC87729D447405BFE8D8788945EC0C6F18D322CD447402547F07588945EC0B2D991EA3BD447402B35D65988945EC0BD1704FB54D447406DDF484588945EC09027936467D44740029F1F4688945EC089A6A26769D44740
21,2,474,residential,0102000020E610000002000000E49C7D8A88945EC07A8EC87729D447405AB09EA48A945EC0FD10C07229D44740
21,2,491,tertiary,0102000020E610000005000000289B728577945EC0D996016729D44740457D378279945EC00316AF6829D447404106973380945EC03ED23B7029D44740E5187F9186945EC0E5CEF17629D44740E49C7D8A88945EC07A8EC87729D44740
21,2,478,residential,0102000020E610000006000000CF801F7A77945EC01262D3EF67D447400421B47977945EC018DD8B7967D447403AC1487977945EC0B2A60DE25ED44740165E937F77945EC0F4F928232ED447400A3DAC8177945EC03765B84B2CD44740289B728577945EC0D996016729D44740
21,2,476,residential,0102000020E610000006000000029F1F4688945EC089A6A26769D44740A3F8421287945EC0E2A9EC6069D447401AFE2EC786945EC08FAB915D69D4474033B385D679945EC0B2F73D4569D44740214B30E678945EC09BB56F4969D44740EC376E8C78945EC059F4F34B69D44740
22,3,754,residential,0102000020E61000000A000000C6E86FF893915EC070AD9BF7A4D447401310EE2994915EC0456D76FFB3D447401FA4028294915EC026B6717ACDD447405B608F8994915EC072BD12EDCFD44740E42C91B094915EC01F245525DBD4474013C836BA94915EC0F43C13F5DDD44740842458C194915EC01C6ED113E0D4474066F4A3E194915EC050DAC0C2EED4474001158E2095915EC09B5775560BD547402BC24D4695915EC0B19014EC1AD54740
22,3,792,tertiary,0102000020E610000005000000C6E86FF893915EC070AD9BF7A4D447404E1F268689915EC070AD9BF7A4D44740512855EC79915EC0056D72F8A4D44740391AD18778915EC0056D72F8A4D447407F6F2E5970915EC0056D72F8A4D44740
22,3,793,tertiary,0102000020E6100000020000007F6F2E5970915EC0056D72F8A4D44740723CFABA67915EC0056D72F8A4D44740
22,3,809,residential,0102000020E610000002000000723CFABA67915EC0056D72F8A4D44740CE99A37D62915EC0056D72F8A4D44740
22,3,717,residential,0102000020E610000005000000CE99A37D62915EC0056D72F8A4D4474063450DA661915EC05ECCE039A5D44740AB532F0961915EC0B18284CDA5D447407BE9375D60915EC03A4CEABAA6D44740464C3F975F915EC0C8A4750AA8D44740
22,3,786,residential,0102000020E6100000030000002BC24D4695915EC0B19014EC1AD547408948A8748B915EC05188DBFC1AD54740194EE3288A915EC0C2853C821BD54740
22,3,791,residential,0102000020E610000004000000194EE3288A915EC0C2853C821BD5474036ACA92C8A915EC0743EE1911DD547400D8920738A915EC00AA359D93ED54740FB1D2F498A915EC015EFB6C13FD54740
22,3,830,residential,0102000020E61000000B0000001F6ADB308A915EC09D84D21742D54740E9256B798A915EC0A98EB00342D54740E36597B98A915EC09D28AECF41D54740A7EE25E88A915EC0DE8D058541D54740778192028B915EC014BB6C2A41D54740002082058B915EC02CA116DE40D54740CB7FED058B915EC00E2C47C840D54740A1E936F28A915EC0F15A536A40D547405ADEB0C88A915EC02183CB1940D5474072DB638E8A915EC003E0E9DF3FD54740FB1D2F498A915EC015EFB6C13FD54740
22,3,827,residential,0102000020E610000006000000FB1D2F498A915EC015EFB6C13FD5474030629F008A915EC03F6E64C33FD547404E6441BC89915EC0EB9D1BE43FD5474090E0A18389915EC05C3F582140D54740A8F45D5B89915EC080153B7540D54740723DC04989915EC0F1E489D640D54740
22,3,829,residential,0102000020E610000005000000AEF94C5189915EC020F35C3A41D54740FB09C27089915EC07F85CC9541D547403D1059A489915EC07FE1F0DD41D54740F58E09E789915EC04F8B660A42D547401F6ADB308A915EC09D84D21742D54740
22,3,826,residential,0102000020E6100000040000001F6ADB308A915EC09D84D21742D547409B15F6598A915EC031C8A71144D547402AFEEF888A915EC0B19D94EE53D547406675615A8A915EC05738EE3955D54740
22,3,824,residential,0102000020E61000000B0000000D7217618A915EC092D49D8257D547404E78AE948A915EC06E5ADF7657D547403C97F3D68A915EC08C738A4457D5474036C016058B915EC04B56EAFE56D5474030D230218B915EC0FD005AA956D54740D7CEE6278B915EC075EF3C4C56D547406056CD188B915EC0AA1CA4F155D54740F4E791F58A915EC0DA441CA155D54740E9818FC18A915EC0D4E3086355D54740B9A1CE818A915EC040F61F3E55D547406675615A8A915EC05738EE3955D54740
22,3,825,residential,0102000020E6100000060000006675615A8A915EC05738EE3955D5474042E4993C8A915EC06F7ABC3555D54740F5A512F989915EC0F82FB54A55D54740AE8383BD89915EC01CD8857A55D547402BBC708C89915EC0C23060C955D5474025896F7289915EC09E40D82956D54740
22,3,823,residential,0102000020E61000000700000025896F7289915EC07BF42B4256D547405A29047289915EC0214D069156D54740605C058C89915EC0FD5C7EF156D5474019C4ACBC89915EC0A4B5584057D547403C8386FE89915EC044DB317557D54740FB1D2F498A915EC00F52A68757D547400D7217618A915EC092D49D8257D54740
22,3,821,residential,0102000020E6100000070000000D7217618A915EC092D49D8257D5474018D819958A915EC0853A51B758D547404873BF9E8A915EC0814D8C1B6DD54740EF6F75A58A915EC0D348F02B7BD547404E8FB7A68A915EC0BAB8324D7DD5474018EF22A78A915EC09CE1067C7ED54740369204E18A915EC08D4FB7A283D54740
22,3,806,residential,0102000020E610000002000000369204E18A915EC08D4FB7A283D547406B5D0FCB8B915EC06056CD188BD54740
22,3,706,primary,0102000020E61000000400000075C8CD7083915EC0045B80118FD547400363D8BC85915EC02332ACE28DD547400787CDB689915EC024DCBF0D8CD547406B5D0FCB8B915EC06056CD188BD54740
22,3,805,primary,0102000020E610000002000000353E384481915EC0DA4B643090D5474075C8CD7083915EC0045B80118FD54740
23,9,30,residential,0102000020E610000004000000D46CD4F926995EC057FCF03D6DD647406310B3F226995EC0A4B61ECF78D6474099C7500427995EC0B2BB404981D647406FEC7EBA26995EC0B1259AF683D64740
23,9,31,residential,0102000020E6100000030000006FEC7EBA26995EC0B1259AF683D64740ECF6596526995EC02C97321587D6474028CAEF7E26995EC099EF856E9BD64740
23,9,28,residential,0102000020E61000000300000028CAEF7E26995EC099EF856E9BD64740E003858B26995EC0B1DEA815A6D64740AB7AF99D26995EC02D173B2BB3D64740
23,9,29,residential,0102000020E610000003000000AB7AF99D26995EC02D173B2BB3D64740E64D8FB726995EC022A64412BDD64740BDB7D8A326995EC01024EF1CCAD64740
23,9,32,residential,0102000020E610000003000000BDB7D8A326995EC01024EF1CCAD6474069B97DA026995EC01B738D85D7D64740FE8F5DB326995EC027A089B0E1D64740
23,9,33,residential,0102000020E610000002000000FE8F5DB326995EC027A089B0E1D647409FB536E826995EC08187B36CF7D64740
23,9,53,residential,0102000020E6100000050000009FB536E826995EC08187B36CF7D647401CA9088126995EC00A3DAC81F7D647405EF7562426995EC03A1D6DC1F7D64740D5FC42D925995EC0E6A8482AF8D647403AF361AC25995EC0C2E6D2AEF8D64740
23,9,54,residential,0102000020E61000000C0000003AF361AC25995EC0C2E6D2AEF8D647400B58BCA225995EC0575EF23FF9D64740108BBDBC25995EC00318E0CCF9D6474058AD4CF825995EC0509B8246FAD647406F62484E26995EC05C2F979EFAD64740280F0BB526995EC0C198E3CBFAD6474051BCCADA26995EC0981936CAFAD647402899412127995EC06E9A88C8FAD64740B6C6568627995EC0F7F35C95FAD64740BC3E73D627995EC0C1E09A3BFAD647401BA3D00D28995EC0339C7CC4F9D6474063974D2528995EC06FA0C03BF9D64740
23,9,55,residential,0102000020E61000000600000063974D2528995EC06FA0C03BF9D6474033FCA71B28995EC057A6A9AFF8D647408CD1DFF027995EC06326512FF8D64740B6F468AA27995EC0E01923C8F7D647408D028E4E27995EC05E3B0785F7D647409FB536E826995EC08187B36CF7D64740
23,9,26,residential,0102000020E61000000300000063974D2528995EC06FA0C03BF9D6474020B990A229995EC08095E8D1F9D64740CF15003E53995EC033124658F9D64740
